distance_m,x_m,y_m,speed_kph
0.0,0.0,0.0,314
16.0,1.3,15.8,316
32.0,2.7,31.6,317
48.0,4.1,47.4,318
78.4,6.8,77.4,320
94.6,8.2,93.4,321
109.0,9.4,107.6,321
147.2,12.7,145.3,324
163.5,14.1,161.4,324
189.1,16.2,186.7,326
222.2,19.1,219.3,328
251.6,21.6,248.4,330
279.4,23.9,275.8,330
310.9,26.6,306.9,331
329.4,28.2,325.2,331
344.3,29.4,339.9,331
362.9,31.0,358.2,331
385.1,32.9,380.2,331
413.0,35.3,407.7,331
429.7,36.7,424.2,331
448.2,38.3,442.5,331
483.4,41.3,477.2,330
487.1,41.6,480.9,330
516.7,44.1,510.1,330
549.9,46.9,542.9,329
572.0,48.8,564.7,327
603.2,51.5,595.5,327
623.3,53.2,615.3,326
648.8,55.3,640.5,324
668.7,57.0,660.1,323
683.1,58.2,674.4,322
708.5,60.3,699.4,321
737.2,62.7,727.8,320
772.2,65.6,762.3,302
793.6,67.4,783.5,257
811.3,68.8,800.9,230
826.7,70.1,816.2,205
831.2,70.5,820.6,196
851.9,72.3,841.0,165
863.1,73.5,852.1,136
871.6,74.8,860.4,124
875.5,75.6,864.2,118
881.4,77.2,869.8,108
892.5,81.9,879.7,96
898.5,85.5,884.5,83
900.8,87.1,886.1,82
910.8,95.7,891.0,77
914.6,99.4,891.9,75
918.3,102.9,892.6,76
926.3,110.6,894.5,78
930.0,113.9,896.1,76
934.3,117.2,898.8,74
937.5,119.0,901.4,72
942.9,121.1,906.4,69
943.7,121.3,907.1,69
949.2,122.3,912.5,69
954.5,122.7,917.7,72
959.1,122.6,922.3,77
960.3,122.5,923.5,78
967.6,121.6,930.7,84
975.9,119.9,938.7,92
983.4,118.0,945.9,108
995.0,115.0,957.0,117
1006.7,112.1,968.2,136
1014.6,110.1,975.8,146
1021.3,108.5,982.2,154
1029.4,106.6,990.0,164
1043.6,103.3,1003.7,176
1054.9,101.0,1014.6,184
1063.3,99.5,1022.8,190
1072.0,98.1,1031.3,197
1079.8,97.0,1039.0,203
1094.9,95.5,1053.9,211
1124.5,94.2,1083.2,219
1135.8,94.1,1094.4,228
1150.1,94.2,1108.5,233
1167.1,94.6,1125.4,236
1178.0,95.1,1136.2,240
1201.5,96.7,1159.4,250
1217.1,98.1,1174.8,255
1224.2,98.9,1181.8,256
1240.2,100.9,1197.5,260
1257.9,103.8,1214.8,264
1277.3,107.8,1233.6,270
1306.3,115.6,1261.3,274
1332.6,124.7,1285.7,278
1354.6,133.8,1305.5,282
1381.4,146.6,1328.8,284
1396.0,154.3,1341.0,289
1415.5,165.5,1356.7,291
1433.5,176.8,1370.6,292
1466.7,200.0,1393.9,296
1488.6,216.5,1407.9,300
1503.7,228.5,1417.0,301
1529.2,249.4,1431.1,304
1546.0,263.8,1439.5,305
1563.3,278.9,1447.5,306
1577.0,291.2,1453.4,307
1611.7,323.0,1466.3,309
1634.3,344.4,1472.9,311
1669.3,378.2,1480.9,312
1690.4,398.8,1484.6,313
1704.4,412.5,1486.8,313
1727.4,435.0,1490.0,314
1752.1,459.3,1492.8,314
1790.9,497.6,1496.1,315
1812.0,518.5,1497.8,314
1842.3,548.4,1500.4,314
1871.6,577.3,1502.6,312
1953.2,658.1,1507.2,312
1982.8,687.4,1508.4,310
2006.6,710.9,1509.4,306
2030.0,734.1,1510.2,266
2042.1,746.1,1510.6,235
2050.9,754.8,1510.9,219
2071.6,775.3,1511.9,189
2080.8,784.3,1512.9,167
2093.7,796.9,1515.5,136
2100.4,803.2,1517.5,129
2107.9,810.1,1520.2,121
2112.9,814.5,1522.4,115
2122.3,821.9,1528.1,110
2128.0,825.4,1532.6,109
2136.7,829.2,1540.3,106
2146.3,833.6,1548.7,111
2151.2,836.6,1552.5,114
2158.7,842.1,1557.6,112
2167.0,848.8,1562.3,112
2177.9,858.4,1567.3,117
2183.8,863.9,1569.4,121
2193.0,872.6,1572.0,128
2195.2,874.7,1572.5,131
2205.3,884.5,1574.7,142
2212.7,891.7,1576.1,147
2219.6,898.4,1577.2,156
2234.3,912.8,1579.8,169
2242.1,920.3,1581.5,177
2261.2,938.6,1586.4,183
2273.2,949.9,1589.9,196
2292.6,968.3,1595.5,209
2300.9,976.2,1597.9,213
2311.8,986.4,1601.3,217
2322.8,996.7,1605.1,220
2350.7,1022.4,1615.1,227
2363.6,1034.4,1619.7,234
2394.0,1062.8,1629.7,237
2411.6,1079.3,1635.3,241
2421.1,1088.2,1638.3,242
2439.7,1105.8,1643.8,233
2453.3,1118.8,1647.2,216
2469.1,1134.4,1649.3,203
2482.2,1147.3,1649.2,192
2503.7,1168.2,1645.1,182
2516.6,1180.0,1640.0,177
2525.5,1187.5,1635.5,174
2544.1,1201.6,1623.6,176
2563.1,1212.8,1608.4,184
2574.8,1217.9,1598.0,191
2595.8,1224.4,1578.3,199
2615.3,1227.9,1559.3,206
2627.2,1229.4,1547.6,211
2638.0,1230.6,1536.9,218
2660.7,1232.5,1514.5,224
2692.0,1234.6,1483.6,234
2701.2,1235.2,1474.5,238
2713.2,1236.0,1462.6,238
2739.6,1238.2,1436.5,242
2753.4,1239.5,1422.9,246
2771.2,1241.3,1405.4,238
2780.1,1242.1,1396.6,224
2808.4,1243.5,1368.6,197
2819.5,1243.1,1357.6,180
2829.3,1241.9,1348.0,175
2847.8,1236.2,1330.5,168
2854.2,1233.1,1325.0,166
2869.9,1223.5,1312.8,165
2878.2,1217.4,1307.2,167
2893.6,1205.0,1298.4,171
2911.8,1189.3,1289.5,186
2922.5,1179.9,1284.7,192
2941.3,1163.2,1276.3,201
2956.5,1149.8,1269.5,211
2972.2,1136.0,1262.3,220
2985.9,1124.0,1255.9,225
2991.0,1119.6,1253.5,226
3001.2,1110.7,1248.6,228
3015.8,1098.0,1241.8,234
3048.2,1069.7,1226.6,246
3063.7,1056.3,1219.1,254
3076.6,1045.2,1212.7,257
3110.3,1016.3,1196.1,262
3131.3,998.1,1186.0,270
3148.1,983.6,1177.8,274
3166.7,967.5,1168.8,278
3180.7,955.4,1161.9,280
3201.2,937.8,1151.8,285
3212.5,928.2,1146.1,286
3226.9,916.0,1138.7,288
3248.0,898.5,1127.3,291
3266.0,883.9,1117.0,293
3284.1,869.6,1106.1,296
3290.7,864.5,1102.0,297
3326.2,837.3,1079.8,301
3348.2,820.6,1065.8,304
3372.1,802.7,1050.2,304
3461.2,736.1,992.3,315
3502.0,705.6,965.8,316
3521.5,691.0,953.1,318
3542.9,675.0,939.2,318
3555.4,665.7,931.0,318
3573.3,652.3,919.4,318
3610.7,624.3,895.1,318
3626.8,612.3,884.6,319
3666.9,582.3,858.6,318
3689.0,565.8,844.2,317
3706.1,553.0,833.1,317
3727.4,537.1,819.2,316
3750.3,519.9,804.3,315
3766.2,508.1,794.0,314
3785.5,493.6,781.5,314
3804.8,479.2,768.9,313
3815.3,471.3,762.1,312
3847.4,447.3,741.2,278
3870.6,430.1,726.0,263
3883.4,420.8,717.4,224
3893.8,413.4,710.2,208
3910.2,402.7,698.0,188
3919.8,397.7,689.9,182
3931.9,393.5,678.6,176
3954.5,391.3,656.4,167
3967.1,391.4,643.9,167
3978.5,391.4,632.6,169
3988.4,391.0,622.8,178
3993.3,390.7,617.9,181
4015.9,386.8,595.9,187
4028.6,382.8,583.9,188
4039.4,378.5,574.1,194
4047.1,375.0,567.4,199
4069.9,361.9,549.0,205
4085.5,351.3,537.7,217
4095.5,344.3,530.7,222
4112.9,333.1,517.6,228
4130.6,324.2,502.5,234
4149.3,317.9,485.0,239
4163.2,314.6,471.7,244
4189.6,310.6,445.8,250
4211.1,308.7,424.6,253
4228.3,307.2,407.6,261
4240.1,306.1,396.0,265
4274.7,302.7,361.9,269
4290.0,301.3,346.8,272
4314.8,299.1,322.3,277
4324.2,298.3,313.0,278
4338.4,297.0,299.0,283
4357.6,295.2,280.1,286
4380.3,293.2,257.7,289
4396.6,291.7,241.6,291
4406.4,290.8,231.9,293
4424.7,289.2,213.9,296
4451.3,286.7,187.6,300
4469.9,285.1,169.3,302
4488.5,283.4,150.9,304
4495.4,282.7,144.1,305
4529.7,279.6,110.3,307
4557.3,277.1,83.0,310
4574.6,275.6,65.9,312
4586.9,274.4,53.8,314
4604.4,272.8,36.5,315
4632.8,270.3,8.5,316
4652.3,268.5,-10.7,317
4657.7,268.0,-16.0,317
4698.8,264.3,-56.6,319
4720.3,262.3,-77.8,320
4740.0,260.6,-97.3,321
4754.4,259.2,-111.5,321
4770.7,257.8,-127.5,321
4795.8,255.5,-152.3,321
4813.8,253.9,-170.1,321
4839.0,251.6,-194.9,321
4851.6,250.4,-207.4,321
4876.8,248.2,-232.2,320
4900.0,246.1,-255.1,318
4921.5,244.1,-276.3,318
4942.8,242.2,-297.4,318
4974.8,239.1,-328.9,317
4999.6,236.7,-353.4,316
5019.1,234.6,-372.6,315
5036.4,232.6,-389.6,306
5059.7,229.3,-412.5,280
5076.8,226.2,-429.1,240
5099.6,220.6,-451.0,225
5110.2,217.3,-461.0,211
5125.8,211.2,-475.2,202
5144.7,200.9,-490.8,190
5157.0,192.4,-499.5,184
5168.1,183.6,-506.2,180
5185.0,168.7,-513.8,179
5198.1,156.2,-517.4,182
5212.6,141.9,-518.9,186
5231.8,123.0,-517.4,189
5249.6,105.9,-512.8,203
5276.0,82.2,-501.8,209
5289.3,71.3,-494.4,217
5308.1,57.0,-482.5,225
5319.6,49.0,-474.3,230
5337.9,37.4,-460.4,235
5349.9,30.6,-450.7,239
5366.1,22.3,-436.9,243
5385.4,13.8,-419.8,250
5395.3,10.0,-410.8,251
5409.4,5.1,-397.7,255
5426.8,-0.1,-381.2,259
5459.3,-7.1,-349.8,265
5468.3,-8.5,-341.0,270
5487.8,-10.8,-321.8,273
5500.2,-11.7,-309.6,275
5517.2,-12.6,-292.7,280
5544.1,-13.1,-266.1,284
5556.9,-13.1,-253.4,286
5573.0,-13.1,-237.4,288
5589.2,-12.9,-221.4,290
5610.5,-12.4,-200.3,293
5617.1,-12.2,-193.8,294
5642.0,-11.3,-169.1,296
5670.5,-10.0,-140.9,300
5685.7,-9.2,-125.9,302
5728.4,-6.5,-83.6,305
5758.1,-4.4,-54.3,308
5787.7,-2.1,-25.0,312
5793.0,-1.7,-19.8,313
