date,event,session,corner,type,cars,description
2023-09-01,2023 Italian Grand Prix,Practice 1,10,spin_off,2,CAR 2 (SAR) OFF TRACK AND CONTINUED AT TURN 10
2023-09-01,2023 Italian Grand Prix,Practice 1,10,spin_off,23,CORRECTION: CAR 23 (ALB) OFF TRACK AND CONTINUED AT TURN 10
2023-09-01,2023 Italian Grand Prix,Practice 1,10,spin_off,31,CAR 31 (OCO) OFF TRACK AND CONTINUED AT TURN 10
2023-09-01,2023 Italian Grand Prix,Practice 1,9,spin_off,40,CAR 40 (LAW) OFF TRACK AND CONTINUED AT TURN 9
2023-09-01,2023 Italian Grand Prix,Practice 2,11,car_stopped,,DOUBLE YELLOW IN TRACK SECTOR 15
2023-09-01,2023 Italian Grand Prix,Practice 2,11,car_stopped,,DOUBLE YELLOW IN TRACK SECTOR 17
2023-09-02,2023 Italian Grand Prix,Practice 3,8,car_stopped,,DOUBLE YELLOW IN TRACK SECTOR 13
2023-09-02,2023 Italian Grand Prix,Practice 3,5,spin_off,81,CAR 81 (PIA) OFF TRACK AND CONTINUED AT TURN 5
2023-09-02,2023 Italian Grand Prix,Practice 3,4,spin_off,4,CAR 4 (NOR) OFF TRACK AND CONTINUED AT TURN 4
2023-09-02,2023 Italian Grand Prix,Practice 3,4,spin_off,27,CAR 27 (HUL) OFF TRACK AND CONTINUED AT TURN 4
2023-09-02,2023 Italian Grand Prix,Practice 3,8,spin_off,77,CAR 77 (BOT) OFF TRACK AND CONTINUED AT TURN 8
2023-09-02,2023 Italian Grand Prix,Practice 3,2,collision,81 55,TURN 2 INCIDENT INVOLVING CARS 81 (PIA) AND 55 (SAI) NOTED - CAUSING A COLLISION
2023-09-02,2023 Italian Grand Prix,Practice 3,4,spin_off,55,CAR 55 (SAI) OFF TRACK AND CONTINUED AT TURN 4
2023-09-02,2023 Italian Grand Prix,Practice 3,4,spin_off,44,CAR 44 (HAM) SPUN AND CONTINUED AT TURN 4
2023-09-02,2023 Italian Grand Prix,Qualifying,7,track_limits,1,CAR 1 (VER) TIME 1:22.047 DELETED - TRACK LIMITS AT TURN 7 LAP 3 16:03:49
2023-09-02,2023 Italian Grand Prix,Qualifying,7,track_limits,14,CAR 14 (ALO) TIME 1:22.480 DELETED - TRACK LIMITS AT TURN 7 LAP 3 16:06:25
2023-09-02,2023 Italian Grand Prix,Qualifying,2,track_limits,18,CAR 18 (STR) TIME 1:37.255 DELETED - TRACK LIMITS AT TURN 2 LAP 3 16:05:59
2023-09-02,2023 Italian Grand Prix,Qualifying,10,track_limits,31,CAR 31 (OCO) TIME 1:23.248 DELETED - TRACK LIMITS AT TURN 10 LAP 5 16:10:29
2023-09-02,2023 Italian Grand Prix,Qualifying,2,track_limits,10,CAR 10 (GAS) LAP DELETED - TRACK LIMITS AT TURN 2 LAP 5 16:06:59
2023-09-02,2023 Italian Grand Prix,Qualifying,7,track_limits,81,CAR 81 (PIA) TIME 1:22.235 DELETED - TRACK LIMITS AT TURN 7 LAP 8 16:14:53
2023-09-02,2023 Italian Grand Prix,Qualifying,7,track_limits,24,CAR 24 (ZHO) TIME 1:22.429 DELETED - TRACK LIMITS AT TURN 7 LAP 8 16:18:00
2023-09-03,2023 Italian Grand Prix,Race,10,car_stopped,,DOUBLE YELLOW IN TRACK SECTOR 14
2023-09-03,2023 Italian Grand Prix,Race,10,track_limits,14,CAR 14 (ALO) TIME 1:27.546 DELETED - TRACK LIMITS AT TURN 10 LAP 3 15:27:31
2023-09-03,2023 Italian Grand Prix,Race,7,track_limits,4,CAR 4 (NOR) TIME 1:27.142 DELETED - TRACK LIMITS AT TURN 7 LAP 5 15:30:09
2023-09-03,2023 Italian Grand Prix,Race,2,track_limits,63,CAR 63 (RUS) TIME 1:27.285 DELETED - TRACK LIMITS AT TURN 2 LAP 14 15:42:27
2023-09-03,2023 Italian Grand Prix,Race,2,track_limits,11,CAR 11 (PER) TIME 1:27.451 DELETED - TRACK LIMITS AT TURN 2 LAP 14 15:42:27
2023-09-03,2023 Italian Grand Prix,Race,2,track_limits,63 31,TURN 2 INCIDENT INVOLVING CARS 63 (RUS) AND 31 (OCO) NOTED - LEAVING THE TRACK AND GAINING AN ADVANTAGE
2023-09-03,2023 Italian Grand Prix,Race,1,collision,4 81,TURN 1 INCIDENT INVOLVING CARS 4 (NOR) AND 81 (PIA) NOTED - CAUSING A COLLISION
2023-09-03,2023 Italian Grand Prix,Race,2,track_limits,4,CAR 4 (NOR) TIME 1:27.567 DELETED - TRACK LIMITS AT TURN 2 LAP 38 16:18:11
2023-09-03,2023 Italian Grand Prix,Race,5,track_limits,81,CAR 81 (PIA) TIME 1:26.853 DELETED - TRACK LIMITS AT TURN 5 LAP 40 16:20:57
2023-09-03,2023 Italian Grand Prix,Race,5,track_limits,44,CAR 44 (HAM) TIME 1:26.658 DELETED - TRACK LIMITS AT TURN 5 LAP 40 16:20:58
2023-09-03,2023 Italian Grand Prix,Race,4,collision,81 44,TURN 4 INCIDENT INVOLVING CARS 81 (PIA) AND 44 (HAM) NOTED - CAUSING A COLLISION
2023-09-03,2023 Italian Grand Prix,Race,4,track_limits,44,CAR 44 (HAM) TIME 1:27.501 DELETED - TRACK LIMITS AT TURN 4 LAP 41 16:22:25
2023-09-03,2023 Italian Grand Prix,Race,2,track_limits,11,CAR 11 (PER) TIME 1:26.624 DELETED - TRACK LIMITS AT TURN 2 LAP 43 16:24:54
2023-09-03,2023 Italian Grand Prix,Race,5,collision,2 77,TURN 5 INCIDENT INVOLVING CARS 2 (SAR) AND 77 (BOT) NOTED - CAUSING A COLLISION
2023-09-03,2023 Italian Grand Prix,Race,5,track_limits,77,CAR 77 (BOT) TIME 1:27.753 DELETED - TRACK LIMITS AT TURN 5 LAP 43 16:25:38
2023-09-03,2023 Italian Grand Prix,Race,5,track_limits,2,CAR 2 (SAR) TIME 1:29.385 DELETED - TRACK LIMITS AT TURN 5 LAP 43 16:25:38
2023-09-03,2023 Italian Grand Prix,Race,2,track_limits,11,CAR 11 (PER) TIME 1:26.573 DELETED - TRACK LIMITS AT TURN 2 LAP 45 16:27:38
2023-09-03,2023 Italian Grand Prix,Race,5,track_limits,55,CAR 55 (SAI) TIME 1:27.096 DELETED - TRACK LIMITS AT TURN 5 LAP 47 16:30:34
2023-09-03,2023 Italian Grand Prix,Race,5,track_limits,16,CAR 16 (LEC) TIME 1:27.371 DELETED - TRACK LIMITS AT TURN 5 LAP 47 16:30:34
2024-08-30,2024 Italian Grand Prix,Practice 1,11,yellow_flag,,YELLOW IN TRACK SECTOR 15
2024-08-30,2024 Italian Grand Prix,Practice 1,7,administrative,20 55,TURN 7 INCIDENT INVOLVING CARS 20 (MAG) AND 55 (SAI) NOTED - IMPEDING
2024-08-30,2024 Italian Grand Prix,Practice 1,11,yellow_flag,,YELLOW IN TRACK SECTOR 15
2024-08-30,2024 Italian Grand Prix,Practice 2,4,administrative,23 22,TURN 4 INCIDENT INVOLVING CARS 23 (ALB) AND 22 (TSU) NOTED - IMPEDING
2024-08-30,2024 Italian Grand Prix,Practice 2,7,car_stopped,,DOUBLE YELLOW IN TRACK SECTOR 9
2024-08-30,2024 Italian Grand Prix,Practice 2,4,administrative,1,TURN 4 INCIDENT INVOLVING CAR 1 (VER) NOTED - FAILING TO FOLLOW RACE DIRECTORS INSTRUCTIONS – ESCAPE ROAD INSTRUCTIONS
2024-08-30,2024 Italian Grand Prix,Practice 2,4,administrative,44,TURN 4 INCIDENT INVOLVING CAR 44 (HAM) NOTED - FAILING TO FOLLOW RACE DIRECTORS INSTRUCTIONS – ESCAPE ROAD INSTRUCTIONS
2024-08-30,2024 Italian Grand Prix,Practice 2,4,administrative,14,TURN 4 INCIDENT INVOLVING CAR 14 (ALO) NOTED - FAILING TO FOLLOW RACE DIRECTORS INSTRUCTIONS – ESCAPE ROAD INSTRUCTIONS
2024-08-30,2024 Italian Grand Prix,Practice 2,4,administrative,24,TURN 4 INCIDENT INVOLVING CAR 24 (ZHO) NOTED - FAILING TO FOLLOW RACE DIRECTORS INSTRUCTIONS – ESCAPE ROAD INSTRUCTIONS
2024-08-31,2024 Italian Grand Prix,Practice 3,7,administrative,81 16 3,"TURN 7 INCIDENT INVOLVING CARS 81 (PIA), 16 (LEC) AND 3 (RIC) NOTED - IMPEDING"
2024-08-31,2024 Italian Grand Prix,Practice 3,4,administrative,18,TURN 4 INCIDENT INVOLVING CAR 18 (STR) NOTED - FAILING TO FOLLOW RACE DIRECTORS INSTRUCTIONS – ESCAPE ROAD INSTRUCTIONS
2024-08-31,2024 Italian Grand Prix,Practice 3,4,administrative,11,TURN 4 INCIDENT INVOLVING CAR 11 (PER) NOTED - FAILING TO FOLLOW RACE DIRECTORS INSTRUCTIONS – ESCAPE ROAD INSTRUCTIONS
2024-08-31,2024 Italian Grand Prix,Practice 3,8,car_stopped,,DOUBLE YELLOW IN TRACK SECTOR 11
2024-08-31,2024 Italian Grand Prix,Qualifying,2,track_limits,81,CAR 81 (PIA) TIME 1:50.311 DELETED - TRACK LIMITS AT TURN 2 LAP 3 16:05:33
2024-08-31,2024 Italian Grand Prix,Qualifying,2,track_limits,44,CAR 44 (HAM) LAP DELETED - TRACK LIMITS AT TURN 2 LAP 4 16:10:08 (PIT)
2024-08-31,2024 Italian Grand Prix,Qualifying,11,yellow_flag,,YELLOW IN TRACK SECTOR 15
2024-08-31,2024 Italian Grand Prix,Qualifying,7,track_limits,43,CAR 43 (COL) TIME 1:22.531 DELETED - TRACK LIMITS AT TURN 7 LAP 6 16:16:37
2024-08-31,2024 Italian Grand Prix,Qualifying,11,track_limits,20,CAR 20 (MAG) LAP DELETED - TRACK LIMITS AT TURN 11 LAP 6 16:17:51
2024-08-31,2024 Italian Grand Prix,Qualifying,2,track_limits,43,CAR 43 (COL) LAP DELETED - TRACK LIMITS AT TURN 2 LAP 7 16:17:39 (PIT)
2024-08-31,2024 Italian Grand Prix,Qualifying,2,track_limits,27,CAR 27 (HUL) LAP DELETED - TRACK LIMITS AT TURN 2 LAP 7 16:17:42
2024-09-01,2024 Italian Grand Prix,Race,8,collision,3 27,TURN 8 INCIDENT INVOLVING CARS 3 (RIC) AND 27 (HUL) NOTED - CAUSING A COLLISION
2024-09-01,2024 Italian Grand Prix,Race,1,collision,27 22,TURN 1 INCIDENT INVOLVING CARS 27 (HUL) AND 22 (TSU) NOTED - CAUSING A COLLISION
2024-09-01,2024 Italian Grand Prix,Race,2,track_limits,22,CAR 22 (TSU) TIME 1:32.241 DELETED - TRACK LIMITS AT TURN 2 LAP 5 15:09:44
2024-09-01,2024 Italian Grand Prix,Race,2,track_limits,22,CAR 22 (TSU) LAP DELETED - TRACK LIMITS AT TURN 2 LAP 7 15:12:44 (PIT)
2024-09-01,2024 Italian Grand Prix,Race,2,track_limits,3,CAR 3 (RIC) TIME 1:26.111 DELETED - TRACK LIMITS AT TURN 2 LAP 10 15:16:50
2024-09-01,2024 Italian Grand Prix,Race,2,track_limits,55,CAR 55 (SAI) TIME 1:25.423 DELETED - TRACK LIMITS AT TURN 2 LAP 13 15:20:51
2024-09-01,2024 Italian Grand Prix,Race,4,collision,20 10,TURN 4 INCIDENT INVOLVING CARS 20 (MAG) AND 10 (GAS) NOTED - CAUSING A COLLISION
2024-09-01,2024 Italian Grand Prix,Race,4,track_limits,14,CAR 14 (ALO) TIME 1:24.882 DELETED - TRACK LIMITS AT TURN 4 LAP 18 15:28:55
2024-09-01,2024 Italian Grand Prix,Race,5,track_limits,20,CAR 20 (MAG) TIME 1:26.533 DELETED - TRACK LIMITS AT TURN 5 LAP 18 15:29:03
2024-09-01,2024 Italian Grand Prix,Race,5,track_limits,10,CAR 10 (GAS) TIME 1:26.182 DELETED - TRACK LIMITS AT TURN 5 LAP 18 15:29:03
2024-09-01,2024 Italian Grand Prix,Race,4,track_limits,10,CAR 10 (GAS) TIME 1:27.191 DELETED - TRACK LIMITS AT TURN 4 LAP 27 15:41:52
2024-09-01,2024 Italian Grand Prix,Race,4,track_limits,4,CAR 4 (NOR) TIME 1:24.940 DELETED - TRACK LIMITS AT TURN 4 LAP 31 15:46:43
2024-09-01,2024 Italian Grand Prix,Race,2,track_limits,63,CAR 63 (RUS) TIME 1:25.331 DELETED - TRACK LIMITS AT TURN 2 LAP 31 15:46:51
2024-09-01,2024 Italian Grand Prix,Race,2,track_limits,23,CAR 23 (ALB) TIME 1:26.282 DELETED - TRACK LIMITS AT TURN 2 LAP 33 15:49:58
2024-09-01,2024 Italian Grand Prix,Race,2,track_limits,23,CAR 23 (ALB) TIME 1:25.882 DELETED - TRACK LIMITS AT TURN 2 LAP 37 15:55:40
2024-09-01,2024 Italian Grand Prix,Race,2,track_limits,18,CAR 18 (STR) TIME 1:25.777 DELETED - TRACK LIMITS AT TURN 2 LAP 40 16:00:24
2025-09-05,2025 Italian Grand Prix,Practice 1,1,car_stopped,,DOUBLE YELLOW IN TRACK SECTOR 2
2025-09-05,2025 Italian Grand Prix,Practice 1,4,yellow_flag,,YELLOW IN TRACK SECTOR 7
2025-09-05,2025 Italian Grand Prix,Practice 1,4,car_stopped,,YELLOW IN TRACK SECTOR 7
2025-09-05,2025 Italian Grand Prix,Practice 1,8,yellow_flag,,YELLOW IN TRACK SECTOR 13
2025-09-05,2025 Italian Grand Prix,Practice 1,1,car_stopped,,DOUBLE YELLOW IN TRACK SECTOR 3
2025-09-05,2025 Italian Grand Prix,Practice 1,4,administrative,1,TURN 4 INCIDENT INVOLVING CAR 1 (BAD) NOTED - FAILING TO FOLLOW RACE DIRECTORS INSTRUCTIONS – ESCAPE ROAD INSTRUCTIONS
2025-09-05,2025 Italian Grand Prix,Practice 1,4,track_limits,1,CAR 1 (BAD) TIME 1:52.545 DELETED - TRACK LIMITS AT TURN 4 LAP 2 15:05:03
2025-09-05,2025 Italian Grand Prix,Practice 1,6,track_limits,23,CAR 23 (VOI) TIME 1:39.944 DELETED - TRACK LIMITS AT TURN 6 LAP 3 15:09:04
2025-09-05,2025 Italian Grand Prix,Practice 1,5,track_limits,5,CAR 5 (CAM) TIME 1:38.520 DELETED - TRACK LIMITS AT TURN 5 LAP 3 15:09:09
2025-09-05,2025 Italian Grand Prix,Practice 1,4,yellow_flag,,YELLOW IN TRACK SECTOR 7
2025-09-05,2025 Italian Grand Prix,Practice 2,1,car_stopped,,DOUBLE YELLOW IN TRACK SECTOR 2
2025-09-05,2025 Italian Grand Prix,Practice 2,7,yellow_flag,,YELLOW IN TRACK SECTOR 9
2025-09-05,2025 Italian Grand Prix,Practice 2,8,yellow_flag,,YELLOW IN TRACK SECTOR 13
2025-09-05,2025 Italian Grand Prix,Practice 2,6,administrative,5,TURN 6 INCIDENT INVOLVING CAR 5 (BOR) NOTED - YELLOW FLAG INFRINGEMENT
2025-09-05,2025 Italian Grand Prix,Practice 2,1,car_stopped,,DOUBLE YELLOW IN TRACK SECTOR 3
2025-09-05,2025 Italian Grand Prix,Practice 2,6,yellow_flag,,YELLOW IN TRACK SECTOR 8
2025-09-05,2025 Italian Grand Prix,Practice 2,3,yellow_flag,,YELLOW IN TRACK SECTOR 5
2025-09-05,2025 Italian Grand Prix,Practice 2,8,yellow_flag,,YELLOW IN TRACK SECTOR 13
2025-09-06,2025 Italian Grand Prix,Practice 3,4,administrative,6,TURN 4 INCIDENT INVOLVING CAR 6 (HAD) NOTED - FAILING TO FOLLOW RACE DIRECTORS INSTRUCTIONS – ESCAPE ROAD INSTRUCTIONS
2025-09-06,2025 Italian Grand Prix,Practice 3,4,yellow_flag,,YELLOW IN TRACK SECTOR 7
2025-09-06,2025 Italian Grand Prix,Practice 3,8,yellow_flag,,YELLOW IN TRACK SECTOR 13
2025-09-06,2025 Italian Grand Prix,Practice 3,8,yellow_flag,,YELLOW IN TRACK SECTOR 11
2025-09-06,2025 Italian Grand Prix,Practice 3,1,car_stopped,,DOUBLE YELLOW IN TRACK SECTOR 3
2025-09-06,2025 Italian Grand Prix,Qualifying,7,track_limits,55,CAR 55 (SAI) TIME 1:20.470 DELETED - TRACK LIMITS AT TURN 7 LAP 3 16:03:35
2025-09-06,2025 Italian Grand Prix,Qualifying,1,track_limits,23,CAR 23 (ALB) TIME 1:43.018 DELETED - TRACK LIMITS AT TURN 1 LAP 3 16:06:39
2025-09-06,2025 Italian Grand Prix,Qualifying,6,track_limits,30,CAR 30 (LAW) LAP DELETED - TRACK LIMITS AT TURN 6 LAP 6 16:16:28 (PIT)
2025-09-06,2025 Italian Grand Prix,Qualifying,1,track_limits,4,CAR 4 (NOR) TIME 1:40.393 DELETED - TRACK LIMITS AT TURN 1 LAP 6 16:16:18
2025-09-06,2025 Italian Grand Prix,Qualifying,6,yellow_flag,,YELLOW IN TRACK SECTOR 8
2025-09-06,2025 Italian Grand Prix,Qualifying,1,track_limits,4,CAR 4 (NOR) LAP DELETED - TRACK LIMITS AT TURN 1 LAP 10 16:32:21 (PIT)
2025-09-06,2025 Italian Grand Prix,Qualifying,6,yellow_flag,,YELLOW IN TRACK SECTOR 8
2025-09-07,2025 Italian Grand Prix,Race,4,yellow_flag,,YELLOW IN TRACK SECTOR 7
2025-09-07,2025 Italian Grand Prix,Race,7,yellow_flag,,YELLOW IN TRACK SECTOR 9
2025-09-07,2025 Italian Grand Prix,Race,8,yellow_flag,,YELLOW IN TRACK SECTOR 11
2025-09-07,2025 Italian Grand Prix,Race,1,collision,1 4,TURN 1 INCIDENT INVOLVING CARS 1 (VER) AND 4 (NOR) NOTED
2025-09-07,2025 Italian Grand Prix,Race,1,track_limits,22 44,TURN 1 INCIDENT INVOLVING CARS 22 (TSU) AND 44 (HAM) NOTED - LEAVING THE TRACK AND GAINING AN ADVANTAGE
2025-09-07,2025 Italian Grand Prix,Race,1,track_limits,16,CAR 16 (LEC) TIME 1:24.525 DELETED - TRACK LIMITS AT TURN 1 LAP 4 15:08:05
2025-09-07,2025 Italian Grand Prix,Race,4,collision,31 18,TURN 4 INCIDENT INVOLVING CARS 31 (OCO) AND 18 (STR) NOTED - FORCING ANOTHER DRIVER OFF THE TRACK
2025-09-07,2025 Italian Grand Prix,Race,4,track_limits,18,CAR 18 (STR) TIME 1:26.506 DELETED - TRACK LIMITS AT TURN 4 LAP 2 15:05:41
2025-09-07,2025 Italian Grand Prix,Race,5,track_limits,12,CAR 12 (ANT) TIME 1:25.080 DELETED - TRACK LIMITS AT TURN 5 LAP 6 15:11:21
2025-09-07,2025 Italian Grand Prix,Race,1,track_limits,6,CAR 6 (HAD) TIME 1:25.728 DELETED - TRACK LIMITS AT TURN 1 LAP 8 15:13:53
2025-09-07,2025 Italian Grand Prix,Race,5,track_limits,43,CAR 43 (COL) TIME 1:24.816 DELETED - TRACK LIMITS AT TURN 5 LAP 9 15:15:41
2025-09-07,2025 Italian Grand Prix,Race,5,track_limits,10,CAR 10 (GAS) TIME 1:25.448 DELETED - TRACK LIMITS AT TURN 5 LAP 15 15:24:13
2025-09-07,2025 Italian Grand Prix,Race,4,administrative,55,TURN 4 INCIDENT INVOLVING CAR 55 (SAI) NOTED - FAILING TO FOLLOW RACE DIRECTORS INSTRUCTIONS – ESCAPE ROAD INSTRUCTIONS
2025-09-07,2025 Italian Grand Prix,Race,4,track_limits,55,CAR 55 (SAI) TIME 1:24.342 DELETED - TRACK LIMITS AT TURN 4 LAP 17 15:26:50
2025-09-07,2025 Italian Grand Prix,Race,7,track_limits,10,CAR 10 (GAS) TIME 1:24.841 DELETED - TRACK LIMITS AT TURN 7 LAP 18 15:28:43
2025-09-07,2025 Italian Grand Prix,Race,5,track_limits,12,CAR 12 (ANT) TIME 1:23.671 DELETED - TRACK LIMITS AT TURN 5 LAP 23 15:35:14
2025-09-07,2025 Italian Grand Prix,Race,5,track_limits,55,CAR 55 (SAI) TIME 1:23.827 DELETED - TRACK LIMITS AT TURN 5 LAP 23 15:35:17
2025-09-07,2025 Italian Grand Prix,Race,2,track_limits,23,CAR 23 (ALB) TIME 1:23.723 DELETED - TRACK LIMITS AT TURN 2 LAP 27 15:40:31
2025-09-07,2025 Italian Grand Prix,Race,2,track_limits,12,CAR 12 (ANT) TIME 1:24.699 DELETED - TRACK LIMITS AT TURN 2 LAP 26 15:39:02
2025-09-07,2025 Italian Grand Prix,Race,5,track_limits,22,CAR 22 (TSU) TIME 1:26.182 DELETED - TRACK LIMITS AT TURN 5 LAP 27 15:41:21
2025-09-07,2025 Italian Grand Prix,Race,5,track_limits,30,CAR 30 (LAW) TIME 1:27.448 DELETED - TRACK LIMITS AT TURN 5 LAP 27 15:41:21
2025-09-07,2025 Italian Grand Prix,Race,1,track_limits,43,CAR 43 (COL) TIME 1:25.753 DELETED - TRACK LIMITS AT TURN 1 LAP 30 15:44:54
2025-09-07,2025 Italian Grand Prix,Race,5,track_limits,10,CAR 10 (GAS) TIME 1:24.437 DELETED - TRACK LIMITS AT TURN 5 LAP 33 15:49:26
2025-09-07,2025 Italian Grand Prix,Race,4,car_stopped,,DOUBLE YELLOW IN TRACK SECTOR 7
2025-09-07,2025 Italian Grand Prix,Race,5,collision,55 87,TURN 5 INCIDENT INVOLVING CARS 55 (SAI) AND 87 (BEA) NOTED
2025-09-07,2025 Italian Grand Prix,Race,5,track_limits,55,CAR 55 (SAI) TIME 1:29.703 DELETED - TRACK LIMITS AT TURN 5 LAP 40 15:59:16
2025-09-07,2025 Italian Grand Prix,Race,5,track_limits,87,CAR 87 (BEA) TIME 1:33.514 DELETED - TRACK LIMITS AT TURN 5 LAP 40 15:59:20
2025-09-07,2025 Italian Grand Prix,Race,3,collision,12 23,TURN 3 INCIDENT INVOLVING CARS 12 (ANT) AND 23 (ALB) NOTED - FORCING ANOTHER DRIVER OFF THE TRACK
2025-09-07,2025 Italian Grand Prix,Race,2,track_limits,63,CAR 63 (RUS) TIME 1:22.496 DELETED - TRACK LIMITS AT TURN 2 LAP 48 16:09:31
2025-09-07,2025 Italian Grand Prix,Race,1,track_limits,5,CAR 5 (BOR) TIME 1:22.619 DELETED - TRACK LIMITS AT TURN 1 LAP 52 16:15:25
2025-09-07,2025 Italian Grand Prix,Race,5,track_limits,43,CAR 43 (COL) TIME 1:25.035 DELETED - TRACK LIMITS AT TURN 5 LAP 50 16:13:33
2026-09-04,2026 Italian Grand Prix,Practice 1,1,track_limits,46,CAR 46 (BRO) TIME 1:29.296 DELETED - TRACK LIMITS AT TURN 1 LAP 5 12:43:11
2026-09-04,2026 Italian Grand Prix,Practice 1,4,track_limits,41,CAR 41 (LIN) TIME 2:34.639 DELETED - TRACK LIMITS AT TURN 4 LAP 9 12:43:44
2026-09-04,2026 Italian Grand Prix,Practice 1,6,car_stopped,,YELLOW IN TRACK SECTOR 8
2026-09-04,2026 Italian Grand Prix,Practice 1,1,track_limits,46,CAR 46 (BRO) TIME 1:43.115 DELETED - TRACK LIMITS AT TURN 1 LAP 7 12:46:37
2026-09-04,2026 Italian Grand Prix,Practice 1,7,yellow_flag,,YELLOW IN TRACK SECTOR 9
2026-09-04,2026 Italian Grand Prix,Practice 1,8,yellow_flag,,YELLOW IN TRACK SECTOR 13
2026-09-04,2026 Italian Grand Prix,Practice 1,5,track_limits,30,CAR 30 (LAW) TIME 1:24.196 DELETED - TRACK LIMITS AT TURN 5 LAP 8 12:43:54
2026-09-04,2026 Italian Grand Prix,Practice 1,2,track_limits,46,CAR 46 (BRO) TIME 1:37.620 DELETED - TRACK LIMITS AT TURN 2 LAP 10 12:58:21
2026-09-04,2026 Italian Grand Prix,Practice 1,1,track_limits,44,CAR 44 (HAM) TIME 1:53.398 DELETED - TRACK LIMITS AT TURN 1 LAP 12 13:01:21
2026-09-04,2026 Italian Grand Prix,Practice 1,1,track_limits,41,CAR 41 (LIN) TIME 2:12.515 DELETED - TRACK LIMITS AT TURN 1 LAP 15 13:02:30
2026-09-04,2026 Italian Grand Prix,Practice 1,4,collision,43 87,TURN 4 INCIDENT INVOLVING CARS 43 (COL) AND 87 (BEA) NOTED (13:05:31)
2026-09-04,2026 Italian Grand Prix,Practice 1,4,track_limits,41,CAR 41 (LIN) TIME 2:12.515 DELETED - TRACK LIMITS AT TURN 4 LAP 15 13:03:05
2026-09-04,2026 Italian Grand Prix,Practice 1,1,track_limits,12,CAR 12 (ANT) TIME 6:16.347 DELETED - TRACK LIMITS AT TURN 1 LAP 12 13:05:52
2026-09-04,2026 Italian Grand Prix,Practice 1,1,track_limits,1,CAR 1 (NOR) LAP DELETED - TRACK LIMITS AT TURN 1 LAP 15 13:05:53 (PIT)
2026-09-04,2026 Italian Grand Prix,Practice 1,1,track_limits,55,CAR 55 (SAI) LAP DELETED - TRACK LIMITS AT TURN 1 LAP 11 13:05:59 (PIT)
2026-09-04,2026 Italian Grand Prix,Practice 1,1,track_limits,46,CAR 46 (BRO) TIME 1:40.571 DELETED - TRACK LIMITS AT TURN 1 LAP 16 13:13:25
2026-09-04,2026 Italian Grand Prix,Practice 1,4,track_limits,22,CAR 22 (TSU) TIME 1:57.015 DELETED - TRACK LIMITS AT TURN 4 LAP 14 13:02:58
2026-09-04,2026 Italian Grand Prix,Practice 1,1,track_limits,55,CAR 55 (SAI) LAP DELETED - TRACK LIMITS AT TURN 1 LAP 19 13:21:06 (PIT)
2026-09-04,2026 Italian Grand Prix,Practice 1,1,track_limits,87,CAR 87 (BEA) TIME 1:32.502 DELETED - TRACK LIMITS AT TURN 1 LAP 22 13:21:27
2026-09-04,2026 Italian Grand Prix,Practice 1,5,track_limits,12,CAR 12 (ANT) TIME 1:26.298 DELETED - TRACK LIMITS AT TURN 5 LAP 24 13:23:39
2026-09-04,2026 Italian Grand Prix,Practice 1,5,track_limits,81,CAR 81 (PIA) TIME 1:26.704 DELETED - TRACK LIMITS AT TURN 5 LAP 21 13:23:54
2026-09-04,2026 Italian Grand Prix,Practice 1,1,track_limits,44,CAR 44 (HAM) TIME 1:27.793 DELETED - TRACK LIMITS AT TURN 1 LAP 22 13:25:27
2026-09-04,2026 Italian Grand Prix,Practice 1,1,track_limits,27,CAR 27 (HUL) TIME 1:27.089 DELETED - TRACK LIMITS AT TURN 1 LAP 25 13:27:56
2026-09-04,2026 Italian Grand Prix,Practice 1,5,track_limits,44,CAR 44 (HAM) TIME 1:28.776 DELETED - TRACK LIMITS AT TURN 5 LAP 24 13:28:43
2026-09-04,2026 Italian Grand Prix,Practice 1,7,track_limits,14,CAR 14 (ALO) TIME 1:25.780 DELETED - TRACK LIMITS AT TURN 7 LAP 15 13:21:31
2026-09-04,2026 Italian Grand Prix,Practice 1,5,track_limits,44,CAR 44 (HAM) TIME 1:27.946 DELETED - TRACK LIMITS AT TURN 5 LAP 25 13:30:19
2026-09-04,2026 Italian Grand Prix,Practice 1,6,yellow_flag,,YELLOW IN TRACK SECTOR 8
2026-09-04,2026 Italian Grand Prix,Practice 1,7,yellow_flag,,YELLOW IN TRACK SECTOR 9
2026-09-04,2026 Italian Grand Prix,Practice 1,2,yellow_flag,,YELLOW IN TRACK SECTOR 4
2026-09-04,2026 Italian Grand Prix,Practice 1,8,yellow_flag,,YELLOW IN TRACK SECTOR 13
2026-09-04,2026 Italian Grand Prix,Practice 2,1,track_limits,23,CAR 23 (ALB) TIME 1:45.889 DELETED - TRACK LIMITS AT TURN 1 LAP 5 16:07:39
2026-09-04,2026 Italian Grand Prix,Practice 2,1,track_limits,16,CAR 16 (LEC) TIME 1:52.593 DELETED - TRACK LIMITS AT TURN 1 LAP 6 16:09:57
2026-09-04,2026 Italian Grand Prix,Practice 2,1,track_limits,1,CAR 1 (NOR) LAP DELETED - TRACK LIMITS AT TURN 1 LAP 8 16:12:34 (PIT)
2026-09-04,2026 Italian Grand Prix,Practice 2,1,administrative,18 1,TURN 1 INCIDENT INVOLVING CARS 18 (STR) AND 1 (NOR) NOTED (16:12:24)
2026-09-04,2026 Italian Grand Prix,Practice 2,1,track_limits,5,CAR 5 (BOR) LAP DELETED - TRACK LIMITS AT TURN 1 LAP 9 16:14:06 (PIT)
2026-09-04,2026 Italian Grand Prix,Practice 2,1,track_limits,18,CAR 18 (STR) TIME 1:45.975 DELETED - TRACK LIMITS AT TURN 1 LAP 9 16:14:38
2026-09-04,2026 Italian Grand Prix,Practice 2,1,track_limits,1,CAR 1 (NOR) TIME 1:43.177 DELETED - TRACK LIMITS AT TURN 1 LAP 10 16:30:34
2026-09-04,2026 Italian Grand Prix,Practice 2,5,track_limits,5,CAR 5 (BOR) TIME 1:59.221 DELETED - TRACK LIMITS AT TURN 5 LAP 14 16:31:09
2026-09-04,2026 Italian Grand Prix,Practice 2,6,track_limits,10,CAR 10 (GAS) TIME 1:23.803 DELETED - TRACK LIMITS AT TURN 6 LAP 12 16:31:56
2026-09-04,2026 Italian Grand Prix,Practice 2,4,track_limits,16,CAR 16 (LEC) LAP DELETED - TRACK LIMITS AT TURN 4 LAP 14 16:32:36 (PIT)
2026-09-04,2026 Italian Grand Prix,Practice 2,4,track_limits,18,CAR 18 (STR) LAP DELETED - TRACK LIMITS AT TURN 4 LAP 14 16:32:35 (PIT)
2026-09-04,2026 Italian Grand Prix,Practice 2,1,track_limits,44,CAR 44 (HAM) TIME 1:56.521 DELETED - TRACK LIMITS AT TURN 1 LAP 14 16:37:31
2026-09-04,2026 Italian Grand Prix,Practice 2,10,track_limits,43,CAR 43 (COL) TIME 1:29.961 DELETED - TRACK LIMITS AT TURN 10 LAP 22 16:54:10
2026-09-04,2026 Italian Grand Prix,Practice 2,1,track_limits,44,CAR 44 (HAM) TIME 1:26.254 DELETED - TRACK LIMITS AT TURN 1 LAP 23 16:57:00
2026-09-04,2026 Italian Grand Prix,Practice 2,1,track_limits,11,CAR 11 (PER) TIME 1:30.946 DELETED - TRACK LIMITS AT TURN 1 LAP 25 16:58:20
2026-09-04,2026 Italian Grand Prix,Practice 2,5,track_limits,23,CAR 23 (ALB) TIME 1:48.793 DELETED - TRACK LIMITS AT TURN 5 LAP 28 16:58:53
2026-09-04,2026 Italian Grand Prix,Practice 2,1,yellow_flag,,YELLOW IN TRACK SECTOR 3
2026-09-04,2026 Italian Grand Prix,Practice 2,10,yellow_flag,,YELLOW IN TRACK SECTOR 14
2026-09-04,2026 Italian Grand Prix,Practice 2,6,yellow_flag,,YELLOW IN TRACK SECTOR 8
2026-09-04,2026 Italian Grand Prix,Practice 2,2,yellow_flag,,YELLOW IN TRACK SECTOR 4
2026-09-05,2026 Italian Grand Prix,Practice 3,1,track_limits,43,CAR 43 (COL) TIME 1:26.561 DELETED - TRACK LIMITS AT TURN 1 LAP 3 12:35:46
2026-09-05,2026 Italian Grand Prix,Practice 3,4,administrative,22,TURN 4 INCIDENT INVOLVING CAR 22 (TSU) NOTED - FAILING TO FOLLOW RACE DIRECTORS INSTRUCTIONS – ESCAPE ROAD INSTRUCTIONS (12:41:57)
2026-09-05,2026 Italian Grand Prix,Practice 3,4,track_limits,23,CAR 23 (ALB) TIME 1:48.807 DELETED - TRACK LIMITS AT TURN 4 LAP 3 12:42:04
2026-09-05,2026 Italian Grand Prix,Practice 3,4,administrative,23,UPDATE: TURN 4 INCIDENT INVOLVING CAR 23 (ALB) NOTED - FAILING TO FOLLOW RACE DIRECTORS INSTRUCTIONS – ESCAPE ROAD INSTRUCTIONS (12:41:57)
2026-09-05,2026 Italian Grand Prix,Practice 3,1,car_stopped,,DOUBLE YELLOW IN TRACK SECTOR 3
2026-09-05,2026 Italian Grand Prix,Practice 3,7,track_limits,16,CAR 16 (LEC) TIME 1:23.250 DELETED - TRACK LIMITS AT TURN 7 LAP 3 12:48:00
2026-09-05,2026 Italian Grand Prix,Practice 3,9,track_limits,55,CAR 55 (SAI) TIME 1:39.313 DELETED - TRACK LIMITS AT TURN 9 LAP 9 12:48:04
2026-09-05,2026 Italian Grand Prix,Practice 3,1,track_limits,30,CAR 30 (LAW) LAP DELETED - TRACK LIMITS AT TURN 1 LAP 8 12:51:46 (PIT)
2026-09-05,2026 Italian Grand Prix,Practice 3,4,track_limits,18,CAR 18 (STR) TIME 2:02.118 DELETED - TRACK LIMITS AT TURN 4 LAP 8 12:53:09
2026-09-05,2026 Italian Grand Prix,Practice 3,1,track_limits,16,CAR 16 (LEC) TIME 1:39.271 DELETED - TRACK LIMITS AT TURN 1 LAP 6 12:53:41
2026-09-05,2026 Italian Grand Prix,Practice 3,7,track_limits,44,CAR 44 (HAM) TIME 1:24.912 DELETED - TRACK LIMITS AT TURN 7 LAP 3 12:47:59
2026-09-05,2026 Italian Grand Prix,Practice 3,1,track_limits,81,CAR 81 (PIA) TIME 2:15.341 DELETED - TRACK LIMITS AT TURN 1 LAP 7 12:58:34
2026-09-05,2026 Italian Grand Prix,Practice 3,1,track_limits,1,CAR 1 (NOR) TIME 1:41.571 DELETED - TRACK LIMITS AT TURN 1 LAP 6 12:59:31
2026-09-05,2026 Italian Grand Prix,Practice 3,11,car_stopped,,DOUBLE YELLOW IN TRACK SECTOR 15
2026-09-05,2026 Italian Grand Prix,Practice 3,1,track_limits,3,CAR 3 (VER) TIME 2:00.420 DELETED - TRACK LIMITS AT TURN 1 LAP 10 13:00:39
2026-09-05,2026 Italian Grand Prix,Practice 3,1,track_limits,11,CAR 11 (PER) LAP DELETED - TRACK LIMITS AT TURN 1 LAP 12 13:05:17 (PIT)
2026-09-05,2026 Italian Grand Prix,Practice 3,5,track_limits,30,CAR 30 (LAW) TIME 1:30.803 DELETED - TRACK LIMITS AT TURN 5 LAP 11 13:05:36
2026-09-05,2026 Italian Grand Prix,Practice 3,1,track_limits,12,CAR 12 (ANT) TIME 2:00.465 DELETED - TRACK LIMITS AT TURN 1 LAP 11 13:12:42
2026-09-05,2026 Italian Grand Prix,Practice 3,1,track_limits,18,CAR 18 (STR) TIME 1:59.863 DELETED - TRACK LIMITS AT TURN 1 LAP 13 13:12:45
2026-09-05,2026 Italian Grand Prix,Practice 3,6,track_limits,11,CAR 11 (PER) TIME 1:38.908 DELETED - TRACK LIMITS AT TURN 6 LAP 14 13:19:11
2026-09-05,2026 Italian Grand Prix,Practice 3,1,car_stopped,,DOUBLE YELLOW IN TRACK SECTOR 2
2026-09-05,2026 Italian Grand Prix,Practice 3,1,track_limits,14,CAR 14 (ALO) TIME 1:54.448 DELETED - TRACK LIMITS AT TURN 1 LAP 15 13:20:11
2026-09-05,2026 Italian Grand Prix,Practice 3,1,track_limits,63,CAR 63 (RUS) TIME 1:56.541 DELETED - TRACK LIMITS AT TURN 1 LAP 12 13:22:04
2026-09-05,2026 Italian Grand Prix,Practice 3,1,track_limits,5,CAR 5 (BOR) TIME 2:40.737 DELETED - TRACK LIMITS AT TURN 1 LAP 17 13:22:32
2026-09-05,2026 Italian Grand Prix,Practice 3,6,administrative,63 81,TURN 6 INCIDENT INVOLVING CARS 63 (RUS) AND 81 (PIA) NOTED - IMPEDING (13:20:45)
2026-09-05,2026 Italian Grand Prix,Practice 3,1,track_limits,44,CAR 44 (HAM) TIME 1:44.393 DELETED - TRACK LIMITS AT TURN 1 LAP 20 13:29:57
2026-09-05,2026 Italian Grand Prix,Practice 3,11,collision,3 44,TURN 11 INCIDENT INVOLVING CARS 3 (VER) AND 44 (HAM) NOTED (13:31:27)
2026-09-05,2026 Italian Grand Prix,Practice 3,5,track_limits,12,CAR 12 (ANT) TIME 5:28.156 DELETED - TRACK LIMITS AT TURN 5 LAP 17 13:31:02
2026-09-05,2026 Italian Grand Prix,Practice 3,4,yellow_flag,,YELLOW IN TRACK SECTOR 7
2026-09-05,2026 Italian Grand Prix,Practice 3,6,yellow_flag,,YELLOW IN TRACK SECTOR 8
2026-09-05,2026 Italian Grand Prix,Practice 3,1,yellow_flag,,YELLOW IN TRACK SECTOR 3
2026-09-05,2026 Italian Grand Prix,Practice 3,11,yellow_flag,,YELLOW IN TRACK SECTOR 16
2026-09-05,2026 Italian Grand Prix,Practice 3,7,yellow_flag,,YELLOW IN TRACK SECTOR 9
2026-09-05,2026 Italian Grand Prix,Qualifying,1,track_limits,1,CAR 1 (NOR) TIME 1:39.935 DELETED - TRACK LIMITS AT TURN 1 LAP 3 16:03:30
2026-09-05,2026 Italian Grand Prix,Qualifying,1,track_limits,81,CAR 81 (PIA) TIME 1:47.848 DELETED - TRACK LIMITS AT TURN 1 LAP 6 16:16:19
2026-09-05,2026 Italian Grand Prix,Qualifying,6,yellow_flag,,YELLOW IN TRACK SECTOR 8
2026-09-05,2026 Italian Grand Prix,Qualifying,2,yellow_flag,,YELLOW IN TRACK SECTOR 4
2026-09-05,2026 Italian Grand Prix,Qualifying,1,administrative,81 30,TURN 1 INCIDENT INVOLVING CARS 81 (PIA) AND 30 (LAW) NOTED - IMPEDING (16:38:00)
2026-09-05,2026 Italian Grand Prix,Qualifying,1,track_limits,30,CAR 30 (LAW) LAP DELETED - TRACK LIMITS AT TURN 1 LAP 18 16:39:28 (PIT)
2026-09-05,2026 Italian Grand Prix,Qualifying,2,yellow_flag,,YELLOW IN TRACK SECTOR 4
2026-09-05,2026 Italian Grand Prix,Qualifying,4,yellow_flag,,YELLOW IN TRACK SECTOR 7
2026-09-05,2026 Italian Grand Prix,Qualifying,1,track_limits,3,CAR 3 (VER) TIME 7:27.050 DELETED - TRACK LIMITS AT TURN 1 LAP 16 16:58:11
2026-09-05,2026 Italian Grand Prix,Qualifying,1,track_limits,81,CAR 81 (PIA) LAP DELETED - TRACK LIMITS AT TURN 1 LAP 19 16:59:32 (PIT)
2026-09-05,2026 Italian Grand Prix,Qualifying,1,track_limits,12,CAR 12 (ANT) LAP DELETED - TRACK LIMITS AT TURN 1 LAP 19 16:59:50 (PIT)
2026-09-06,2026 Italian Grand Prix,Race,3,yellow_flag,,YELLOW IN TRACK SECTOR 5
2026-09-06,2026 Italian Grand Prix,Race,1,yellow_flag,,YELLOW IN TRACK SECTOR 3
2026-09-06,2026 Italian Grand Prix,Race,7,yellow_flag,,YELLOW IN TRACK SECTOR 9
2026-09-06,2026 Italian Grand Prix,Race,8,yellow_flag,,YELLOW IN TRACK SECTOR 11
2026-09-06,2026 Italian Grand Prix,Race,4,yellow_flag,,YELLOW IN TRACK SECTOR 7
2026-09-06,2026 Italian Grand Prix,Race,8,yellow_flag,,YELLOW IN TRACK SECTOR 13
2026-09-06,2026 Italian Grand Prix,Race,2,collision,16 44,TURN 2 INCIDENT INVOLVING CARS 16 (LEC) AND 44 (HAM) NOTED (15:03:44)
2026-09-06,2026 Italian Grand Prix,Race,11,car_stopped,,YELLOW IN TRACK SECTOR 16
2026-09-06,2026 Italian Grand Prix,Race,5,track_limits,55,CAR 55 (SAI) LAP DELETED - TRACK LIMITS AT TURN 5 LAP 1 15:04:11
2026-09-06,2026 Italian Grand Prix,Race,7,yellow_flag,,YELLOW IN TRACK SECTOR 9
2026-09-06,2026 Italian Grand Prix,Race,1,yellow_flag,,YELLOW IN TRACK SECTOR 3
2026-09-06,2026 Italian Grand Prix,Race,8,yellow_flag,,YELLOW IN TRACK SECTOR 13
2026-09-06,2026 Italian Grand Prix,Race,10,yellow_flag,,YELLOW IN TRACK SECTOR 14
2026-09-06,2026 Italian Grand Prix,Race,6,yellow_flag,,YELLOW IN TRACK SECTOR 8
2026-09-06,2026 Italian Grand Prix,Race,1,track_limits,23,CAR 23 (ALB) TIME 2:12.275 DELETED - TRACK LIMITS AT TURN 1 LAP 6 15:46:00
2026-09-06,2026 Italian Grand Prix,Race,6,track_limits,43,CAR 43 (COL) TIME 2:47.838 DELETED - TRACK LIMITS AT TURN 6 LAP 6 15:46:31
2026-09-06,2026 Italian Grand Prix,Race,1,track_limits,63,CAR 63 (RUS) TIME 1:26.495 DELETED - TRACK LIMITS AT TURN 1 LAP 9 15:50:18
2026-09-06,2026 Italian Grand Prix,Race,4,collision,30 27,TURN 4 INCIDENT INVOLVING CARS 30 (LAW) AND 27 (HUL) NOTED (15:53:37)
2026-09-06,2026 Italian Grand Prix,Race,5,track_limits,44,CAR 44 (HAM) TIME 1:26.415 DELETED - TRACK LIMITS AT TURN 5 LAP 14 15:57:50
2026-09-06,2026 Italian Grand Prix,Race,1,track_limits,1,CAR 1 (NOR) TIME 1:28.809 DELETED - TRACK LIMITS AT TURN 1 LAP 20 16:06:13
2026-09-06,2026 Italian Grand Prix,Race,1,track_limits,23,CAR 23 (ALB) TIME 1:27.287 DELETED - TRACK LIMITS AT TURN 1 LAP 21 16:08:00
2026-09-06,2026 Italian Grand Prix,Race,1,track_limits,11,CAR 11 (PER) TIME 1:29.886 DELETED - TRACK LIMITS AT TURN 1 LAP 22 16:09:43
2026-09-06,2026 Italian Grand Prix,Race,1,administrative,11,TURN 1 INCIDENT INVOLVING CAR 11 (PER) NOTED - FAILING TO FOLLOW RACE DIRECTORS INSTRUCTIONS – ESCAPE ROAD INSTRUCTIONS
2026-09-06,2026 Italian Grand Prix,Race,1,track_limits,27,CAR 27 (HUL) TIME 1:29.803 DELETED - TRACK LIMITS AT TURN 1 LAP 22 16:09:23
2026-09-06,2026 Italian Grand Prix,Race,1,track_limits,18,CAR 18 (STR) TIME 1:29.428 DELETED - TRACK LIMITS AT TURN 1 LAP 23 16:11:24
2026-09-06,2026 Italian Grand Prix,Race,7,track_limits,18,CAR 18 (STR) TIME 1:31.605 DELETED - TRACK LIMITS AT TURN 7 LAP 25 16:15:00
2026-09-06,2026 Italian Grand Prix,Race,2,track_limits,12,CAR 12 (ANT) TIME 1:25.402 DELETED - TRACK LIMITS AT TURN 2 LAP 26 16:14:40
2026-09-06,2026 Italian Grand Prix,Race,1,car_stopped,,YELLOW IN TRACK SECTOR 3
2026-09-06,2026 Italian Grand Prix,Race,1,track_limits,27,CAR 27 (HUL) TIME 1:26.975 DELETED - TRACK LIMITS AT TURN 1 LAP 29 16:20:16
2026-09-06,2026 Italian Grand Prix,Race,1,track_limits,44,CAR 44 (HAM) TIME 1:26.929 DELETED - TRACK LIMITS AT TURN 1 LAP 35 16:28:12
2026-09-06,2026 Italian Grand Prix,Race,5,track_limits,55,CAR 55 (SAI) TIME 1:26.235 DELETED - TRACK LIMITS AT TURN 5 LAP 39 16:35:07
2026-09-06,2026 Italian Grand Prix,Race,1,track_limits,3,CAR 3 (VER) TIME 1:25.533 DELETED - TRACK LIMITS AT TURN 1 LAP 42 16:38:12
2026-09-06,2026 Italian Grand Prix,Race,1,track_limits,23,CAR 23 (ALB) TIME 1:27.380 DELETED - TRACK LIMITS AT TURN 1 LAP 42 16:38:57
2026-09-06,2026 Italian Grand Prix,Race,1,track_limits,43,CAR 43 (COL) TIME 1:26.278 DELETED - TRACK LIMITS AT TURN 1 LAP 43 16:40:06
2026-09-06,2026 Italian Grand Prix,Race,2,track_limits,77,CAR 77 (BOT) TIME 1:37.053 DELETED - TRACK LIMITS AT TURN 2 LAP 47 16:47:44
2026-09-06,2026 Italian Grand Prix,Race,1,track_limits,12,CAR 12 (ANT) TIME 1:28.582 DELETED - TRACK LIMITS AT TURN 1 LAP 49 16:47:58
2026-09-06,2026 Italian Grand Prix,Race,1,track_limits,1,CAR 1 (NOR) TIME 1:25.210 DELETED - TRACK LIMITS AT TURN 1 LAP 53 16:53:56
