name,corners
Central Grandstand n° 1,start/finish straight
"Bleachers Finish line n. 2, 3",start/finish straight
Left Side Stand n° 4,start/finish straight
Right Side Stand ABC n° 26,start/finish straight
Bleachers Finish line n. 27–30,start/finish straight
External Grandstand First Variant AB n° 8,1;2
Second Variant Grandstand n° 9,4;5
Roggia grandstand n° 10,4;5
Ascari Tre grandstand n° 12,8;9;10
Ascari Due grandstand n° 13,8;9;10
Ascari Uno grandstand n° 15,8;9;10
Ascari grandstand n° 16,8;9;10
"Ascari exit grandstands n° 18, 19, 20",10
Parabolic Side Grandstand ABCDE n° 21,11
Parabolic grandstand n° 22,11
Parabolic Grandstand AB n° 23,11
